location,count,link
"rue st-patrick",14,"https://sgolds15.github.io/industrial/browse.html#rue%20st-patrick"
"rue st-ambroise",8,"https://sgolds15.github.io/industrial/browse.html#rue%20st-ambroise"
"rue notre-dame est",7,"https://sgolds15.github.io/industrial/browse.html#rue%20notre-dame%20est"
"rue william",6,"https://sgolds15.github.io/industrial/browse.html#rue%20william"
"place turcot",5,"https://sgolds15.github.io/industrial/browse.html#place%20turcot"
"rue mill",4,"https://sgolds15.github.io/industrial/browse.html#rue%20mill"
"rue de la gauchetière ouest",3,"https://sgolds15.github.io/industrial/browse.html#rue%20de%20la%20gaucheti%C3%A8re%20ouest"
"rue ste-catherine ouest",3,"https://sgolds15.github.io/industrial/browse.html#rue%20ste-catherine%20ouest"
"rue de la commune ouest",3,"https://sgolds15.github.io/industrial/browse.html#rue%20de%20la%20commune%20ouest"
"rue st-antoine ouest",3,"https://sgolds15.github.io/industrial/browse.html#rue%20st-antoine%20ouest"
"rue ontario est",3,"https://sgolds15.github.io/industrial/browse.html#rue%20ontario%20est"
"boul. st-laurent",3,"https://sgolds15.github.io/industrial/browse.html#boul.%20st-laurent"
"place d'youville",3,"https://sgolds15.github.io/industrial/browse.html#place%20d'youville"
"rue notre-dame ouest",3,"https://sgolds15.github.io/industrial/browse.html#rue%20notre-dame%20ouest"
"rue des seigneurs",3,"https://sgolds15.github.io/industrial/browse.html#rue%20des%20seigneurs"
"rue duke",3,"https://sgolds15.github.io/industrial/browse.html#rue%20duke"
"rue wellington",3,"https://sgolds15.github.io/industrial/browse.html#rue%20wellington"
"rue island",3,"https://sgolds15.github.io/industrial/browse.html#rue%20island"
"rue de bleury",2,"https://sgolds15.github.io/industrial/browse.html#rue%20de%20bleury"
"rue guy",2,"https://sgolds15.github.io/industrial/browse.html#rue%20guy"
"rue st-rémi",2,"https://sgolds15.github.io/industrial/browse.html#rue%20st-r%C3%A9mi"
"rue du canal",2,"https://sgolds15.github.io/industrial/browse.html#rue%20du%20canal"
"rue prince",2,"https://sgolds15.github.io/industrial/browse.html#rue%20prince"
"rue centre",1,"https://sgolds15.github.io/industrial/browse.html#rue%20centre"
"rue de l'inspecteur",1,"https://sgolds15.github.io/industrial/browse.html#rue%20de%20l'inspecteur"
"rue st-antoine est",1,"https://sgolds15.github.io/industrial/browse.html#rue%20st-antoine%20est"
"rue ottawa",1,"https://sgolds15.github.io/industrial/browse.html#rue%20ottawa"
"rue st-paul ouest",1,"https://sgolds15.github.io/industrial/browse.html#rue%20st-paul%20ouest"
"rue du champ-de-mars",1,"https://sgolds15.github.io/industrial/browse.html#rue%20du%20champ-de-mars"
"rue queen",1,"https://sgolds15.github.io/industrial/browse.html#rue%20queen"
"boul. de maisonneuve ouest",1,"https://sgolds15.github.io/industrial/browse.html#boul.%20de%20maisonneuve%20ouest"
"rue lucien-l'allier",1,"https://sgolds15.github.io/industrial/browse.html#rue%20lucien-l'allier"
"rue d'youville",1,"https://sgolds15.github.io/industrial/browse.html#rue%20d'youville"
"rue de courcelle",1,"https://sgolds15.github.io/industrial/browse.html#rue%20de%20courcelle"
"rue des soeurs-grises",1,"https://sgolds15.github.io/industrial/browse.html#rue%20des%20soeurs-grises"
"rue de rouen",1,"https://sgolds15.github.io/industrial/browse.html#rue%20de%20rouen"
"avenue bennett",1,"https://sgolds15.github.io/industrial/browse.html#avenue%20bennett"
"rue trenton",1,"https://sgolds15.github.io/industrial/browse.html#rue%20trenton"
"rue pitt",1,"https://sgolds15.github.io/industrial/browse.html#rue%20pitt"
"avenue du parc",1,"https://sgolds15.github.io/industrial/browse.html#avenue%20du%20parc"
"rue smith",1,"https://sgolds15.github.io/industrial/browse.html#rue%20smith"
"avenue bernard",1,"https://sgolds15.github.io/industrial/browse.html#avenue%20bernard"
"rue st-jacques ouest",1,"https://sgolds15.github.io/industrial/browse.html#rue%20st-jacques%20ouest"
"port de montreal, facing rue mcgill",1,"https://sgolds15.github.io/industrial/browse.html#port%20de%20montreal,%20facing%20rue%20mcgill"
"port de montreal, face au bassin windmill pt.",1,"https://sgolds15.github.io/industrial/browse.html#port%20de%20montreal,%20face%20au%20bassin%20windmill%20pt."
"rue philippe turcot",1,"https://sgolds15.github.io/industrial/browse.html#rue%20philippe%20turcot"
"rue cabot",1,"https://sgolds15.github.io/industrial/browse.html#rue%20cabot"
"rue acorn",1,"https://sgolds15.github.io/industrial/browse.html#rue%20acorn"
"rue dagenais",1,"https://sgolds15.github.io/industrial/browse.html#rue%20dagenais"
"rue lenoir",1,"https://sgolds15.github.io/industrial/browse.html#rue%20lenoir"
"rue richelieu",1,"https://sgolds15.github.io/industrial/browse.html#rue%20richelieu"
"rue du collège",1,"https://sgolds15.github.io/industrial/browse.html#rue%20du%20coll%C3%A8ge"
"rue bourget",1,"https://sgolds15.github.io/industrial/browse.html#rue%20bourget"
"rue rose de lima",1,"https://sgolds15.github.io/industrial/browse.html#rue%20rose%20de%20lima"
"rue chateauguay",1,"https://sgolds15.github.io/industrial/browse.html#rue%20chateauguay"
"rue mullins",1,"https://sgolds15.github.io/industrial/browse.html#rue%20mullins"
"rue reading",1,"https://sgolds15.github.io/industrial/browse.html#rue%20reading"
"rue st-martin",1,"https://sgolds15.github.io/industrial/browse.html#rue%20st-martin"
"rue de montmorency",1,"https://sgolds15.github.io/industrial/browse.html#rue%20de%20montmorency"
"rue bridge",1,"https://sgolds15.github.io/industrial/browse.html#rue%20bridge"
"rue king",1,"https://sgolds15.github.io/industrial/browse.html#rue%20king"
"victoria square",1,"https://sgolds15.github.io/industrial/browse.html#victoria%20square"
"rue mcgill",1,"https://sgolds15.github.io/industrial/browse.html#rue%20mcgill"
"rue de cheneville",1,"https://sgolds15.github.io/industrial/browse.html#rue%20de%20cheneville"
